{"sections":{"image_banner":{"type":"image-banner","disabled":true,"blocks":{"heading":{"type":"heading","settings":{"heading":"Browse our latest products","heading_size":"h0"}},"button":{"type":"buttons","settings":{"button_label_1":"Shop all","button_link_1":"shopify:\/\/collections\/all","button_style_secondary_1":true,"button_label_2":"","button_link_2":"","button_style_secondary_2":false}}},"block_order":["heading","button"],"settings":{"image_overlay_opacity":40,"image_height":"large","desktop_content_position":"bottom-center","show_text_box":false,"desktop_content_alignment":"center","color_scheme":"background-1","image_behavior":"none","mobile_content_alignment":"center","stack_images_on_mobile":false,"show_text_below":false}},"a34df739-db1e-4ca2-9f08-4beb4524730e":{"type":"slideshow","blocks":{"template--20139668963630__a34df739-db1e-4ca2-9f08-4beb4524730e-slide-1":{"type":"slide","settings":{"image":"shopify:\/\/shop_images\/slide01.jpg","heading":"DINQSPORTS","heading_size":"h1","subheading":"Tell your brand's story through images","button_label":"Shop Now","link":"","button_style_secondary":false,"box_align":"middle-left","show_text_box":false,"text_alignment":"center","image_overlay_opacity":0,"color_scheme":"","text_alignment_mobile":"center"}},"template--20139668963630__a34df739-db1e-4ca2-9f08-4beb4524730e-slide-2":{"type":"slide","settings":{"heading":"Image slide","heading_size":"h1","subheading":"Tell your brand's story through images","button_label":"Button label","link":"","button_style_secondary":false,"box_align":"middle-center","show_text_box":true,"text_alignment":"center","image_overlay_opacity":0,"color_scheme":"","text_alignment_mobile":"center"}}},"block_order":["template--20139668963630__a34df739-db1e-4ca2-9f08-4beb4524730e-slide-1","template--20139668963630__a34df739-db1e-4ca2-9f08-4beb4524730e-slide-2"],"settings":{"layout":"full_bleed","slide_height":"medium","slider_visual":"counter","auto_rotate":false,"change_slides_speed":5,"image_behavior":"none","show_text_below":true,"accessibility_info":"Slideshow about our brand"}},"featured_collection":{"type":"featured-collection","disabled":true,"settings":{"title":"Featured products","heading_size":"h2","description":"","show_description":false,"description_style":"body","collection":"all","products_to_show":8,"columns_desktop":4,"full_width":false,"show_view_all":true,"view_all_style":"solid","enable_desktop_slider":false,"color_scheme":"background-1","image_ratio":"adapt","image_shape":"default","show_secondary_image":true,"show_vendor":false,"show_rating":false,"enable_quick_add":false,"columns_mobile":"2","swipe_on_mobile":false,"padding_top":44,"padding_bottom":36}},"22df38be-8a35-4814-b98e-35d19c750a77":{"type":"collection-list","blocks":{"template--20139668963630__22df38be-8a35-4814-b98e-35d19c750a77-featured_collection-1":{"type":"featured_collection","settings":{"collection":"rackets"}},"template--20139668963630__22df38be-8a35-4814-b98e-35d19c750a77-featured_collection-2":{"type":"featured_collection","settings":{"collection":"set-of-balls"}},"template--20139668963630__22df38be-8a35-4814-b98e-35d19c750a77-featured_collection-3":{"type":"featured_collection","settings":{"collection":"water-bottle"}},"bb58b51e-bdb7-4db0-897b-ed617d98b66f":{"type":"featured_collection","settings":{"collection":"overgrip"}}},"block_order":["template--20139668963630__22df38be-8a35-4814-b98e-35d19c750a77-featured_collection-1","template--20139668963630__22df38be-8a35-4814-b98e-35d19c750a77-featured_collection-2","template--20139668963630__22df38be-8a35-4814-b98e-35d19c750a77-featured_collection-3","bb58b51e-bdb7-4db0-897b-ed617d98b66f"],"custom_css":["div.collection-card-wrapper {box-shadow: rgb(0 0 0 \/ 93%) 0px 8px 16px -13px; border-radius: 8px 10px 12px 14px;}","h3.card__heading {text-align: center;}"],"settings":{"title":"<strong>Shop by Category<\/strong>","heading_size":"h1","image_ratio":"square","columns_desktop":4,"color_scheme":"background-2","show_view_all":true,"columns_mobile":"1","swipe_on_mobile":false,"padding_top":36,"padding_bottom":36}}},"order":["image_banner","a34df739-db1e-4ca2-9f08-4beb4524730e","featured_collection","22df38be-8a35-4814-b98e-35d19c750a77"]}