{"sections":{"main":{"type":"main-product","blocks":{"vendor":{"type":"text","settings":{"text":"{{ product.vendor }}","text_style":"uppercase"}},"title":{"type":"title","settings":{}},"price":{"type":"price","settings":{}},"variant_picker":{"type":"variant_picker","settings":{"picker_type":"button"}},"quantity_selector":{"type":"quantity_selector","settings":{}},"buy_buttons":{"type":"buy_buttons","settings":{"show_dynamic_checkout":true,"show_gift_card_recipient":false}},"description":{"type":"description","settings":{}},"share":{"type":"share","disabled":true,"settings":{"share_label":"Share"}},"d6d07cb2-4f63-47b0-9083-5110b9d2f979":{"type":"collapsible_tab","settings":{"heading":"Technical Specifications","icon":"check_mark","content":"<p>Technical Info: {{ product.metafields.custom.technical_info | metafield_tag }}<br\/>Material: {{ product.metafields.custom.material | metafield_tag }}<br\/>Weight: {{ product.metafields.custom.weight.value }}<br\/>Diameter: {{ product.metafields.custom.diameter.value }}<\/p><p><\/p>","page":""}}},"block_order":["vendor","title","price","variant_picker","quantity_selector","buy_buttons","description","share","d6d07cb2-4f63-47b0-9083-5110b9d2f979"],"settings":{"enable_sticky_info":true,"media_size":"large","constrain_to_viewport":true,"media_fit":"contain","gallery_layout":"stacked","media_position":"left","image_zoom":"lightbox","mobile_thumbnails":"hide","hide_variants":true,"enable_video_looping":false,"padding_top":36,"padding_bottom":12}},"related-products":{"type":"related-products","settings":{"heading":"You may also like","heading_size":"h2","products_to_show":4,"columns_desktop":4,"color_scheme":"background-1","image_ratio":"square","image_shape":"default","show_secondary_image":true,"show_vendor":false,"show_rating":false,"columns_mobile":"2","padding_top":36,"padding_bottom":28}}},"order":["main","related-products"]}